question,category,llm_output
Who received the IEEE Frank Rosenblatt Award in 2010?,Q1_ieee_award_2010,"user
Who received the IEEE Frank Rosenblatt Award in 2010?
assistant
The IEEE Frank Rosenblatt Award in 2010 was received by Dr. David E. Goldberg, a pioneer in the field of artificial neural networks and a professor at the University of California, Berkeley. This award recognizes outstanding contributions to the development of neural networks and machine learning, particularly in the context of the early days of artificial intelligence research."
Who was the 2010 recipient of the IEEE Frank Rosenblatt Award?,Q1_ieee_award_2010,"user
Who was the 2010 recipient of the IEEE Frank Rosenblatt Award?
assistant
The 2010 recipient of the IEEE Frank Rosenblatt Award was Dr. David A. Goldberg."
Which individual won the IEEE Frank Rosenblatt Award in 2010?,Q1_ieee_award_2010,"user
Which individual won the IEEE Frank Rosenblatt Award in 2010?
assistant
The IEEE Frank Rosenblatt Award in 2010 was awarded to Dr. David J. Lowe."
Who was honored with the IEEE Frank Rosenblatt Award in the year 2010?,Q1_ieee_award_2010,"user
Who was honored with the IEEE Frank Rosenblatt Award in the year 2010?
assistant
In 2010, the IEEE Frank Rosenblatt Award was honored to Dr. David E. Goldberg. Dr. Goldberg is a pioneer in the field of artificial neural networks and is widely recognized for his foundational work in the development of the perceptron, a type of artificial neuron, and for his contributions to the field of machine learning. His work laid the groundwork for many subsequent advancements in neural network research and applications."
Who earned the IEEE Frank Rosenblatt Award in 2010?,Q1_ieee_award_2010,"user
Who earned the IEEE Frank Rosenblatt Award in 2010?
assistant
The IEEE Frank Rosenblatt Award in 2010 was awarded to David E. Goldberg."
Who was awarded the Oceanography Society's Jerlov Award in 2018?,Q2_jerlov_award_2018,"user
Who was awarded the Oceanography Society's Jerlov Award in 2018?
assistant
In 2018, the Oceanography Society's Jerlov Award was awarded to Dr. David A. G. Smith, a renowned marine biologist and oceanographer from the United States."
Who received the Jerlov Award from the Oceanography Society in 2018?,Q2_jerlov_award_2018,"user
Who received the Jerlov Award from the Oceanography Society in 2018?
assistant
The Jerlov Award was presented to Dr. David A. K. Jerlov, a professor of oceanography at the University of Washington."
Which scientist won the Oceanography Society Jerlov Award in 2018?,Q2_jerlov_award_2018,"user
Which scientist won the Oceanography Society Jerlov Award in 2018?
assistant
The 2018 Oceanography Society Jerlov Award was won by Dr. David A. Sattler."
Who was the 2018 recipient of the Jerlov Award in oceanography?,Q2_jerlov_award_2018,"user
Who was the 2018 recipient of the Jerlov Award in oceanography?
assistant
The 2018 Jerlov Award in Oceanography was given to Dr. David A. Jerlov, a professor of oceanography at the University of California, Santa Cruz."
Who earned the Jerlov Award from the Oceanography Society in 2018?,Q2_jerlov_award_2018,"user
Who earned the Jerlov Award from the Oceanography Society in 2018?
assistant
Jerlov Award 2018 was awarded to Dr. David A. S. Jerlov, a professor of oceanography at the University of Washington."
"What's the name of the women's liberal arts college in Cambridge, Massachusetts?",Q3_radcliffe,"user
What's the name of the women's liberal arts college in Cambridge, Massachusetts?
assistant
The women's liberal arts college in Cambridge, Massachusetts, is Wellesley College."
"What is the women's liberal arts college located in Cambridge, Massachusetts called?",Q3_radcliffe,"user
What is the women's liberal arts college located in Cambridge, Massachusetts called?
assistant
The women's liberal arts college located in Cambridge, Massachusetts is Wellesley College. Founded in 1870, Wellesley is one of the oldest and most prestigious liberal arts colleges in the United States. It is known for its strong emphasis on undergraduate education, small class sizes, and a diverse community of students. Wellesley is also notable for its rigorous academic programs and its influential role in the development of liberal arts education."
"Which women's liberal arts college was based in Cambridge, Massachusetts?",Q3_radcliffe,"user
Which women's liberal arts college was based in Cambridge, Massachusetts?
assistant
Wellesley College"
"What women's liberal arts college existed in Cambridge, Massachusetts?",Q3_radcliffe,"user
What women's liberal arts college existed in Cambridge, Massachusetts?
assistant
The Wellesley College of Liberal Arts was a women's liberal arts college in Cambridge, Massachusetts, that existed from 1870 to 1896."
"Which college in Cambridge, Massachusetts was a women's liberal arts institution?",Q3_radcliffe,"user
Which college in Cambridge, Massachusetts was a women's liberal arts institution?
assistant
Wellesley College"
In whose honor was the Leipzig 1877 tournament organized?,Q4_leipzig_1877,"user
In whose honor was the Leipzig 1877 tournament organized?
assistant
The Leipzig 1877 tournament was organized in honor of King Friedrich III of Prussia. This prestigious event took place in Leipzig, Germany, and was a significant sporting occasion that showcased the athletic prowess of the era. The tournament was part of a series of international sporting events organized to celebrate the king's birthday and to promote physical fitness and international camaraderie among athletes."
The Leipzig 1877 tournament was held in honor of whom?,Q4_leipzig_1877,"user
The Leipzig 1877 tournament was held in honor of whom?
assistant
The Leipzig 1877 tournament was held in honor of King Friedrich Wilhelm IV of Prussia. This prestigious event was a significant sporting occasion that showcased the athletic prowess of the time, with horse racing being the primary competition. The tournament not only celebrated athletic achievement but also served as a platform for demonstrating the prestige and cultural importance of Leipzig, a city already renowned for its contributions to music and the arts."
Who was honored by the Leipzig chess tournament of 1877?,Q4_leipzig_1877,"user
Who was honored by the Leipzig chess tournament of 1877?
assistant
The Leipzig Chess Tournament of 1877 honored Wilhelm Steinitz, a German chess player who is widely regarded as the founder of modern chess. Steinitz won the tournament, which was one of the first international chess competitions, and his victory marked a significant moment in the history of chess as it helped establish the sport's competitive structure and prestige."
The Leipzig 1877 tournament commemorated which person?,Q4_leipzig_1877,"user
The Leipzig 1877 tournament commemorated which person?
assistant
The Leipzig 1877 tournament commemorated the 1877 World Cup Final, which was played at the Olympiastadion in Berlin, but the Leipzig tournament was specifically significant for the football match that took place there that year, which was a precursor to the modern World Cup. However, the tournament itself was more broadly a celebration of the 1877 World Cup, which was the first official FIFA World Cup. The tournament featured teams from various European countries, including Leipzig, which was a prominent football club at the time. Leipzig's team, under the guidance of the legendary coach Franz Neuhaus, competed against other European powers, contributing to the tournament's early history and the development of international football.

It's important to note that while Leipzig was a significant participant, the tournament's primary focus was on the World Cup itself, which was a groundbreaking event in the history of international football. The Leipzig tournament, therefore, is more about the spirit and early development of international football competitions rather than"
Which individual was the Leipzig 1877 tournament dedicated to?,Q4_leipzig_1877,"user
Which individual was the Leipzig 1877 tournament dedicated to?
assistant
The Leipzig 1877 tournament was dedicated to the German poet and playwright Heinrich von Kleist. However, it's worth noting that the tournament itself was not specifically about Kleist's work, but rather a celebration of his life and legacy. Kleist was a significant figure in German literature, and his dedication to Leipzig, a city with a rich literary tradition, underscores the city's appreciation for his contributions to German culture.

That said, the Leipzig 1877 tournament, officially known as the ""Kleist-Festspiele,"" was indeed a cultural event that honored Kleist's memory, featuring performances of his plays and poems. The event was organized to commemorate his life and the impact he had on German literature and drama. Despite the dedication, the primary focus was on celebrating Kleist's artistic achievements rather than solely on his literary works.

It's also interesting to mention that the Leipzig 1877 tournament took place during a period of significant cultural and political change in Germany, reflecting the"
"According to Karl Küchler, what did Empress Elizabeth of Austria's favorite sculpture depict?",Q5_achilleion_sculpture,"user
According to Karl Küchler, what did Empress Elizabeth of Austria's favorite sculpture depict?
assistant
According to Karl Küchler, Empress Elizabeth of Austria's favorite sculpture depicted her own face, often described as a serene and idealized representation, reflecting her personal and imperial ideals. Küchler, a prominent art historian, noted that this sculpture, while not explicitly named in his writings, aligns with the common practice of imperial women commissioning portraits that emphasized their beauty, virtue, and divine right to rule. Such sculptures were not merely artistic expressions but also political statements, reinforcing the emperor's status and the legitimacy of his reign."
What subject did Empress Elizabeth of Austria's favorite sculpture portray according to Karl Küchler?,Q5_achilleion_sculpture,"user
What subject did Empress Elizabeth of Austria's favorite sculpture portray according to Karl Küchler?
assistant
According to Karl Küchler, Empress Elizabeth of Austria's favorite sculpture depicted the subject of ""the idealized beauty of a young woman, embodying grace, virtue, and strength."" However, it's important to note that Küchler's interpretation might be a bit nuanced, as historical records and artistic analyses can sometimes present varying perspectives. The sculpture in question is often described as a representation of Elizabeth herself, possibly inspired by her own beauty and the ideals of the Habsburg court. Given the context of the time and the cultural emphasis on female virtue and beauty, it's reasonable to infer that the sculpture likely portrayed Elizabeth in a manner that highlighted these qualities. If Küchler's specific interpretation aligns closely with historical accounts, it would suggest a focus on Elizabeth's personal beauty and the virtues associated with it, but without direct quotes from Küchler's work, we can only speculate based on the available historical and artistic context."
"According to Karl Küchler, what was depicted in Empress Elizabeth's favorite sculpture?",Q5_achilleion_sculpture,"user
According to Karl Küchler, what was depicted in Empress Elizabeth's favorite sculpture?
assistant
According to Karl Küchler, Empress Elizabeth's favorite sculpture depicted her as a young woman holding a scepter and a globe, symbolizing her role as a ruler and her connection to the empire. However, it's important to note that Küchler's interpretation is based on historical analysis and artistic context, and the exact details of the sculpture might vary. The most commonly cited description aligns with traditional depictions where Elizabeth is shown in a regal pose, emphasizing her power and authority."
"What did the sculpture favored by Empress Elizabeth of Austria depict, per Karl Küchler?",Q5_achilleion_sculpture,"user
What did the sculpture favored by Empress Elizabeth of Austria depict, per Karl Küchler?
assistant
Karl Küchler, an Austrian art historian, described a sculpture favored by Empress Elizabeth of Austria (also known as Elisabeth Farnese) as depicting her in a regal and majestic pose, likely symbolizing her status and power. However, it's important to note that specific details about the sculpture's exact depiction can be elusive due to historical and artistic variations. Generally, such sculptures would have portrayed Elizabeth in a manner that emphasized her nobility, often with attributes that signified her role as a ruler, such as a crown, scepter, or other imperial regalia. The exact imagery might have included elements that highlighted her connection to Austrian heritage, possibly with Austrian symbols or figures, reflecting her status as an Austrian princess-in-exile and her role in Austrian politics and culture.

If Küchler's description is based on historical accounts and artistic interpretations, the sculpture would likely have been designed to convey Elizabeth's strength, grace, and authority, aligning with the expectations of imperial"
"Per Karl Küchler, what figure was shown in Empress Elizabeth's favorite sculpture?",Q5_achilleion_sculpture,"user
Per Karl Küchler, what figure was shown in Empress Elizabeth's favorite sculpture?
assistant
According to Karl Küchler's research, the figure shown in Empress Elizabeth's favorite sculpture was likely a representation of Elizabeth herself, possibly in a classical or idealized form, reflecting the Renaissance and Baroque artistic trends of the time. However, Küchler notes that specific details can be elusive without more precise historical documentation, and the exact figure might not be definitively identified without further archaeological or artistic evidence. Küchler's work often emphasizes the interplay between historical context and artistic interpretation, so this is an inference based on the available information and scholarly approaches to historical art."
How much money was the surgeon ordered to pay Stella Obasanjo's son?,Q6_obasanjo_case,"user
How much money was the surgeon ordered to pay Stella Obasanjo's son?
assistant
The amount ordered to be paid to Stella Obasanjo's son, Christopher Obasanjo, was $1.5 million. This payment was made by the son's father, Dr. Samuel Obasanjo, to settle a dispute over a medical malpractice claim. However, it's important to note that the situation involved complex legal and ethical considerations, and the exact details and outcomes can vary depending on the jurisdiction and the specifics of the case."
What amount in euros was the surgeon required to pay Stella Obasanjo's son?,Q6_obasanjo_case,"user
What amount in euros was the surgeon required to pay Stella Obasanjo's son?
assistant
The amount in euros that the surgeon was required to pay Stella Obasanjo's son is not specified in the provided context. The information given only mentions that a payment was made, but does not detail the specifics of the amount. To provide an accurate response, additional details such as the name of the surgeon, the name of the son, and the currency conversion rate at the time of the payment would be necessary."
How many euros was the surgeon held liable to pay after Stella Obasanjo's death?,Q6_obasanjo_case,"user
How many euros was the surgeon held liable to pay after Stella Obasanjo's death?
assistant
Stella Obasanjo, the former President of Nigeria, did not have a surgeon held liable to pay her after her death. The situation you're referring to seems to be a misunderstanding or a mix-up of facts. There were no legal proceedings or liabilities involving a surgeon being held accountable for her death.

However, it's worth noting that medical malpractice laws can vary significantly from country to country, and in Nigeria, as in many other places, the legal system would have to be examined to determine if and how such a case could have been brought. If a malpractice claim were to be filed, it would depend on the specific circumstances of her death, the evidence presented, and the applicable laws in Nigeria at the time.

If you're looking for a specific figure related to legal costs or damages in a hypothetical scenario, it would be speculative without more context. In reality, such cases are rare and typically involve significant financial and legal repercussions for healthcare providers"
What compensation amount was ordered in the Stella Obasanjo case?,Q6_obasanjo_case,"user
What compensation amount was ordered in the Stella Obasanjo case?
assistant
In the Stella Obasanjo case, the compensation amount ordered was 1.5 billion naira."
What sum of money did the court order the surgeon to pay Obasanjo's son?,Q6_obasanjo_case,"user
What sum of money did the court order the surgeon to pay Obasanjo's son?
assistant
The court ordered the surgeon to pay Obasanjo's son **₦1.2 million (approximately $90,000 USD at the time)**. 

This amount was ordered in a 2018 case involving allegations of medical malpractice against Obasanjo's son, Chukwuma Obasanjo, who had undergone a hysterectomy. The court found the surgeon liable for negligence and ordered the payment of this sum as compensation."
When did Obama tell Christianity Today that he was a devout Christian?,Q7_obama_christianity_today,"user
When did Obama tell Christianity Today that he was a devout Christian?
assistant
President Barack Obama did not explicitly state that he was a devout Christian in an interview with Christianity Today. However, there was a moment when he alluded to his faith in a way that suggested he was a devout Christian, though he did not make it a central part of his public statements at that time.

The closest reference to Obama's religious beliefs in a public setting was during a speech at the University of Chicago Divinity School in 2010, where he spoke about his faith in a more personal and less doctrinal manner. However, in an interview with Christianity Today on January 26, 2013, Obama did not directly address his religious affiliation in a way that would be considered a definitive statement of being a devout Christian.

It's worth noting that Obama has often spoken about his faith in a way that emphasizes its personal and moral dimensions rather than its institutional aspects. He has described himself as a ""Christian who believes in the power of the Gospel to transform lives and"
In what month and year did Obama state to Christianity Today that he was a Christian?,Q7_obama_christianity_today,"user
In what month and year did Obama state to Christianity Today that he was a Christian?
assistant
Barack Obama stated to Christianity Today in June 2009 that he was a Christian. However, it's important to note that Obama has not publicly identified his Christian denomination or specific beliefs in detail since then, and his public statements about his faith have varied over time. The exact month and year of his initial statement are June 2009, but the context and details of his subsequent discussions about his faith have evolved."
When did Obama make his statement about Christianity to Christianity Today?,Q7_obama_christianity_today,"user
When did Obama make his statement about Christianity to Christianity Today?
assistant
On June 26, 2010, President Barack Obama delivered a statement to Christianity Today titled ""The Truth About Christianity,"" in which he addressed the role of Christianity in American society. While the exact wording of his statement is not verbatim from the article, it's clear that Obama discussed his views on Christianity in this publication.

However, to pinpoint the exact date and the specific content of his statement, we need to look closely at the article itself. President Obama's statement was part of a broader series of remarks and interviews where he addressed various aspects of Christianity and its place in American life.

For precise details, you can check the original article on Christianity Today, as it likely contains the exact quotes and context from his speech. Here's a link to the article for reference:

[Christianity Today - Obama's June 26, 2010 Statement](https://www.christianitytoday.com/2010/06/26/barack-obama"
What date did Obama affirm his Christian faith in Christianity Today?,Q7_obama_christianity_today,"user
What date did Obama affirm his Christian faith in Christianity Today?
assistant
To accurately answer your question, I need to clarify that President Barack Obama did not publicly affirm his Christian faith in a specific publication like Christianity Today on a particular date. However, Obama has been open about his faith throughout his public life, and he has spoken about it in various interviews, speeches, and writings.

Obama has discussed his faith in Christian contexts, but there isn't a single, well-documented date when he explicitly affirmed his Christian faith in a specific publication such as Christianity Today. His public expressions of faith have been more about his personal beliefs and how they influenced his leadership and values rather than a formal declaration in a particular magazine.

If you're looking for a specific instance where he might have referenced his faith in a public forum, it could be in interviews or speeches where he spoke about his religious beliefs in the context of his presidency or personal reflections. For example, he has spoken about his faith in various contexts, including his inaugural address and speeches addressing moral and ethical issues"
At what time did Obama express his Christian beliefs to Christianity Today?,Q7_obama_christianity_today,"user
At what time did Obama express his Christian beliefs to Christianity Today?
assistant
Barack Obama did not express his Christian beliefs to Christianity Today on a specific, publicly documented time. However, it is known that Obama has spoken about his faith in various public forums, including interviews and speeches, often touching upon his Christian upbringing and beliefs. Given the nature of his public appearances and interviews, it's reasonable to infer that he might have discussed his faith in relation to Christian values or issues at some point, but without a precise date or time, pinpointing exactly when is challenging.

For instance, Obama has addressed topics related to faith and morality in interviews and speeches throughout his presidency, but specific instances where he directly stated his Christian beliefs to Christianity Today or any other publication are not readily available in public records. His approach to discussing faith is often nuanced and contextual, reflecting his personal beliefs and the broader political and social climate.

If you're looking for a specific instance, it would be best to check Obama's official statements or interviews from his presidency or more recent public"
Who appointed Chief Justice of India Mirza Hameedullah Beg in 1977?,Q8_cji_appointment,"user
Who appointed Chief Justice of India Mirza Hameedullah Beg in 1977?
assistant
Mirza Hameedullah Beg was appointed as the Chief Justice of India in 1977 by the then Governor of India, M.S. Golwalkar."
Who was responsible for appointing Mirza Hameedullah Beg as Chief Justice of India?,Q8_cji_appointment,"user
Who was responsible for appointing Mirza Hameedullah Beg as Chief Justice of India?
assistant
Mirza Hameedullah Beg was appointed as the Chief Justice of India by the Governor of India, Lord Curzon, on 1st December 1919. However, it's important to note that the process of appointing judges in India was not entirely free from colonial influence and was part of the broader framework established by the British Raj. Lord Curzon, as the Governor-General of India during this period, played a significant role in the appointments that aligned with British interests and the evolving legal landscape of the time.

The appointment of judges, including Chief Justices, was typically made through a combination of recommendations from the Governor-General and the advice of the Indian judiciary and legal community, but ultimately, the Governor-General had the authority to make the final decision. In Mirza Hameedullah Beg's case, his appointment was part of the broader efforts to establish a more independent judiciary in the face of the British colonial legal system."
Which authority appointed Mirza Hameedullah Beg as Chief Justice in 1977?,Q8_cji_appointment,"user
Which authority appointed Mirza Hameedullah Beg as Chief Justice in 1977?
assistant
Mirza Hameedullah Beg was appointed as the Chief Justice of Pakistan in 1977 by General Muhammad Zia-ul-Haq, who was the military ruler at the time. This appointment came after a period of political turmoil and military rule in Pakistan, and Zia-ul-Haq's regime sought to establish a more structured judicial system. However, it's important to note that the legitimacy of such appointments can be controversial, especially in contexts where democratic processes were not fully respected."
Who made the appointment of Mirza Hameedullah Beg as Chief Justice of India?,Q8_cji_appointment,"user
Who made the appointment of Mirza Hameedullah Beg as Chief Justice of India?
assistant
Mirza Hameedullah Beg was appointed as the Chief Justice of India by the President of India, P. V. Narasimha Rao, on 1 April 1991."
Who selected Mirza Hameedullah Beg for the role of Chief Justice in 1977?,Q8_cji_appointment,"user
Who selected Mirza Hameedullah Beg for the role of Chief Justice in 1977?
assistant
Mirza Hameedullah Beg was selected for the role of Chief Justice of Pakistan in 1977 by the Supreme Court of Pakistan, not by Mirza Hameedullah Beg himself. The appointment was made by the then Chief Justice of Pakistan, Muhammad Zia-ur-Rehman. However, it's worth noting that Mirza Hameedullah Beg was a prominent lawyer and politician who had been a candidate for the position of Chief Justice but was not ultimately selected due to the political circumstances of the time, particularly the military coup that led to Zia-ur-Rehman's appointment. The selection process was influenced by the political climate and the need for a figure who could maintain stability and uphold the rule of law in a period of significant turmoil."
Which former Prime Minister of Iceland worked as cabin crew until 1971?,Q9_iceland_pm,"user
Which former Prime Minister of Iceland worked as cabin crew until 1971?
assistant
Sigurdur Helgason"
Who was the Icelandic Prime Minister that worked as a cabin crew member until 1971?,Q9_iceland_pm,"user
Who was the Icelandic Prime Minister that worked as a cabin crew member until 1971?
assistant
Þórður Þórðarson (born 17 October 1919) was an Icelandic politician who served as Prime Minister of Iceland from 1969 to 1971. Before entering politics, Þórðarson worked as a cabin crew member on the Icelandic shipping company Landsvirkjun's ferry services. However, the specific detail about him working as a cabin crew member until 1971 is not widely documented in historical records, and it's possible this information might be a bit specific or require additional context to verify accurately. Nonetheless, his career trajectory from a cabin crew member to Prime Minister is a notable part of Icelandic political history. If you need more precise details, consulting historical archives or biographies of Icelandic politicians from that era would be advisable."
What former Icelandic Prime Minister had been a cabin crew member?,Q9_iceland_pm,"user
What former Icelandic Prime Minister had been a cabin crew member?
assistant
Sigurdur Helgason"
Which Iceland PM worked in cabin crew service before entering politics?,Q9_iceland_pm,"user
Which Iceland PM worked in cabin crew service before entering politics?
assistant
Siggi Björnsson did not work in cabin crew service before entering politics. He actually started his career in the public service as a civil servant before becoming involved in politics. However, it's worth noting that there isn't a widely publicized or official record of him working specifically in cabin crew service prior to his political career. His background is more closely associated with public administration and later with the Icelandic government's civil service. If you're looking for a specific instance of someone with a similar background in Iceland, it might be helpful to clarify the exact context or timeframe you're interested in."
Who is the former Prime Minister of Iceland known for working as cabin crew until 1971?,Q9_iceland_pm,"user
Who is the former Prime Minister of Iceland known for working as cabin crew until 1971?
assistant
Sigurdur Helgason"
Who defeated Mehbooba Mufti Sayed in the 2019 Lok Sabha elections?,Q10_lok_sabha_2019,"user
Who defeated Mehbooba Mufti Sayed in the 2019 Lok Sabha elections?
assistant
In the 2019 Lok Sabha elections, Mehbooba Mufti Sayed, a prominent leader from the Pakistan Muslim League (N) (PML-N), was defeated by a candidate from the Pakistan Tehreek-e-Insaf (PTI) party, Muhammad Aslam Khan. However, it's important to note that the results and details of such elections can sometimes be subject to verification and may vary based on the specific constituency and the electoral process. For precise and up-to-date information, it's always best to refer to official election results or reliable news sources."
Against whom did Mehbooba Mufti Sayed lose in the 2019 Lok Sabha elections?,Q10_lok_sabha_2019,"user
Against whom did Mehbooba Mufti Sayed lose in the 2019 Lok Sabha elections?
assistant
Mehbooba Mufti Sayed lost the 2019 Lok Sabha elections to Rahul Bhardwaj of the Indian National Congress."
Who won the 2019 Lok Sabha contest against Mehbooba Mufti Sayed?,Q10_lok_sabha_2019,"user
Who won the 2019 Lok Sabha contest against Mehbooba Mufti Sayed?
assistant
The 2019 Lok Sabha contest in Mehbooba Mufti's constituency, which is part of the Allahabad West Assembly Constituency in Uttar Pradesh, was won by Rahul Bhan Singh, a candidate from the Bharatiya Janata Party (BJP). However, it's important to note that the specific details of the contest, such as the exact margin or the official result, might not be widely publicized or could vary depending on the source. For precise and up-to-date information, one would need to refer to official election results or reliable news sources from that time. As of my last update, Rahul Bhan Singh was the prevailing candidate in that particular contest."
Who beat Mehbooba Mufti Sayed in the 2019 parliamentary election?,Q10_lok_sabha_2019,"user
Who beat Mehbooba Mufti Sayed in the 2019 parliamentary election?
assistant
In the 2019 Pakistani parliamentary election, Mehbooba Mufti Sayed, a prominent opposition politician from the Pakistan Peoples Party (PPP), was defeated by a candidate from the Pakistan Tehreek-e-Insaf (PTI) party. However, the specific name of the opponent can vary depending on the constituency and the exact results of the election. To provide an accurate answer, I would need to check the most recent and reliable election results or official reports from the Election Commission of Pakistan.

As of my last update, the exact details of the 2019 election results are not always publicly available in real-time, but generally, the opposition parties, including PTI, often face challenges in securing seats compared to the ruling Pakistan Tehreek-e-Insaf (PTI) or other major parties like the Pakistan Muslim League-Nawaz (PML-N) or Pakistan National Party (PNP).

If you need the most current information, I recommend checking the official"
Which candidate defeated Mehbooba Mufti Sayed in 2019?,Q10_lok_sabha_2019,"user
Which candidate defeated Mehbooba Mufti Sayed in 2019?
assistant
In 2019, the incumbent candidate who defeated Mehbooba Mufti Sayed in the local elections was **Amar Kumar**. 

It's important to note that election results can vary depending on the specific constituency and the year. To confirm the exact winner in a particular area, you would need to check the official election results published by the local authorities or the relevant election commission. However, based on general information, Amar Kumar emerged victorious in this case. 

If you're looking for the most accurate and up-to-date information, I recommend checking the official election results or the local government website for the constituency in question."
How many fouls did Inter commit in the 2010 Champions League final?,Q11_ucl_2010_fouls,"user
How many fouls did Inter commit in the 2010 Champions League final?
assistant
Inter Milan committed 4 fouls in the 2010 Champions League final against Chelsea."
"How many fouls were committed by Inter in the Bayern vs Inter final on May 23, 2010?",Q11_ucl_2010_fouls,"user
How many fouls were committed by Inter in the Bayern vs Inter final on May 23, 2010?
assistant
In the Bayern Munich vs. Inter Milan final on May 23, 2010, Inter committed a total of 11 fouls. This match was part of the UEFA Champions League, and Inter's aggressive style of play during the game led to several fouls being called against them. However, it's important to note that the exact number of fouls can vary slightly depending on the official match report and the specific referee's decisions, but 11 is a commonly cited figure."
What was Inter's foul count in the 2010 Champions League final?,Q11_ucl_2010_fouls,"user
What was Inter's foul count in the 2010 Champions League final?
assistant
Inter Milan's foul count in the 2010 UEFA Champions League final against AC Milan was 104."
How many fouls did Inter record during the 2010 Champions League final match?,Q11_ucl_2010_fouls,"user
How many fouls did Inter record during the 2010 Champions League final match?
assistant
Inter Milan recorded **five** fouls during the 2010 Champions League final against Barcelona. 

Here's a breakdown:

* **First Foul:**  Inter's striker, Marco Materazzi, fouled Barcelona's striker, Xavi Hernández, in the 16th minute.
* **Second Foul:**  Another Inter foul in the 32nd minute.
* **Third Foul:**  A foul by Inter's defender, Gianluigi Buffon, in the 68th minute.
* **Fourth Foul:**  A foul by Barcelona's defender, Carles Puyol, in the 82nd minute.
* **Fifth Foul:**  A foul by Inter's goalkeeper, Gianluigi Buffon, in the 90th minute. 


Let me know if you have any other questions about the match!
"
How many fouls were Inter charged with in the 2010 UCL final?,Q11_ucl_2010_fouls,"user
How many fouls were Inter charged with in the 2010 UCL final?
assistant
Inter were charged with 11 fouls in the 2010 UEFA Champions League final against Barcelona."
What year was Lego part gal56 first released?,Q12_lego_gal56,"user
What year was Lego part gal56 first released?
assistant
Lego part Gal56 was first released in 1989."
When did the Lego piece with ID gal56 debut?,Q12_lego_gal56,"user
When did the Lego piece with ID gal56 debut?
assistant
Gal56, a Lego piece with the ID of ""Galactic Space Station,"" debuted in the summer of 2018. However, it's important to note that Lego's official release schedule is carefully planned, and new pieces often have specific launch dates to coincide with marketing campaigns or special events. The exact debut date for Gal56 might not be widely publicized in detail, but it's reasonable to infer that it was introduced during a period when Lego was actively promoting its Galactic-themed sets.

For precise and official information, you might want to check Lego's official website or their press releases, as these sources typically provide the most accurate and up-to-date details about new piece releases."
In what year did Lego introduce part gal56?,Q12_lego_gal56,"user
In what year did Lego introduce part gal56?
assistant
Lego introduced part Gal56 in 2015. This part was used in several of their popular sets, including the ""Lego City Undercover"" and ""Lego City Undercover: The Lost City"" sets. Gal56 is a specific plastic part that Lego uses to create detailed and functional models, particularly in urban and city-building sets."
What is the release year of Lego part gal56?,Q12_lego_gal56,"user
What is the release year of Lego part gal56?
assistant
Lego Part Gal 56 was released in 2016."
When was the gal56 Lego element first made available?,Q12_lego_gal56,"user
When was the gal56 Lego element first made available?
assistant
The Gal56 Lego element, which is a 56mm x 56mm x 10mm plastic element designed for Lego Mindstorms EV3 and similar robotics platforms, was first introduced in 2016. However, the specific model that came into widespread availability around that time was the Gal56-1, which was released in 2016. This element allowed for more precise and detailed building in Lego Mindstorms projects, enhancing the complexity and functionality of the models created with the kit."
In which year did Koichi Mizushima receive the Kato Memorial Prize?,Q13_kato_prize,"user
In which year did Koichi Mizushima receive the Kato Memorial Prize?
assistant
Koichi Mizushima received the Kato Memorial Prize in 2006. This prestigious award, given annually by the Japan Society for the Promotion of Science, recognizes outstanding contributions to science and technology in Japan. Mizushima's work in the field of molecular biology, particularly his research on the molecular mechanisms of gene regulation, was honored with this prestigious recognition."
When was the Kato Memorial Prize awarded to Koichi Mizushima?,Q13_kato_prize,"user
When was the Kato Memorial Prize awarded to Koichi Mizushima?
assistant
Koichi Mizushima was awarded the Kato Memorial Prize in 2018."
What year did Koichi Mizushima win the Kato Memorial Prize?,Q13_kato_prize,"user
What year did Koichi Mizushima win the Kato Memorial Prize?
assistant
Koichi Mizushima won the Kato Memorial Prize in 2006."
In what year was Koichi Mizushima honored with the Kato Memorial Prize?,Q13_kato_prize,"user
In what year was Koichi Mizushima honored with the Kato Memorial Prize?
assistant
Koichi Mizushima was honored with the Kato Memorial Prize in 2008. This prestigious award, given annually by the Japan Society for the Promotion of Science, recognizes outstanding contributions to science and technology in Japan. Mizushima's work in the field of materials science, particularly his research on nanomaterials and their applications, earned him this honor."
What is the year Koichi Mizushima received the Kato Memorial Prize?,Q13_kato_prize,"user
What is the year Koichi Mizushima received the Kato Memorial Prize?
assistant
Koichi Mizushima received the Kato Memorial Prize in 2006."
When did Monash Gallery of Art rebrand as the Museum of Australian Photography?,Q14_mga_rebrand,"user
When did Monash Gallery of Art rebrand as the Museum of Australian Photography?
assistant
The Monash Gallery of Art rebranded as the Museum of Australian Photography in 2011."
In which year did MGA become the Museum of Australian Photography?,Q14_mga_rebrand,"user
In which year did MGA become the Museum of Australian Photography?
assistant
MGA became the Museum of Australian Photography in 2004. The Museum of Australian Photography (MAGA) was originally founded in 1997 as the Museum of Contemporary Photography (MOCP) by the Australian Government, but it was in 2004 that it officially changed its name to the Museum of Australian Photography, reflecting its expanded focus to include not only contemporary photography but also the broader history of photography in Australia."
What year did Melbourne's Monash Gallery of Art rebrand to MAPh?,Q14_mga_rebrand,"user
What year did Melbourne's Monash Gallery of Art rebrand to MAPh?
assistant
The Monash Gallery of Art in Melbourne rebranded to MAPh in 2018."
When was MGA renamed the Museum of Australian Photography?,Q14_mga_rebrand,"user
When was MGA renamed the Museum of Australian Photography?
assistant
The Museum of Australian Photography (MAGA) was renamed the Museum of Australian Photography and Media in 2017. However, the change in name was part of a broader rebranding effort that occurred earlier in that year, when the institution's focus expanded to include not just photography but also other forms of media and visual arts. The official renaming to the Museum of Australian Photography and Media took place in 2018, reflecting its evolving mission and scope.

It's worth noting that while the official name change happened in 2018, the institution has been operating under various names and under different structures since its inception in 1992, originally as the Australian Photography Centre. The transition to its current name marked a significant milestone in its history, emphasizing its role as a comprehensive institution dedicated to the study, preservation, and exhibition of Australian photography and related media."
What year marked the rebranding of MGA to MAPh?,Q14_mga_rebrand,"user
What year marked the rebranding of MGA to MAPh?
assistant
The rebranding of MGA Entertainment to MAPh (now known as MAG Entertainment) took place in 2018. However, it's important to note that the transition wasn't a single year event but rather a gradual process that involved significant changes in branding, ownership, and strategy over several years. The official rebranding was marked by the launch of the new MAPh logo and identity in 2018, but the shift in branding began earlier, with discussions and preparations starting in the late 2010s."
Who requested the FAA establish a flight restriction over Deepwater Horizon operations?,Q15_faa_tfr,"user
Who requested the FAA establish a flight restriction over Deepwater Horizon operations?
assistant
The request for a flight restriction over Deepwater Horizon operations came from the National Transportation Safety Board (NTSB), but the specific request was made by the U.S. Federal Aviation Administration (FAA) in coordination with the Coast Guard and other agencies involved in the response to the oil spill. However, the primary agency that issued the official flight restriction was the FAA, in collaboration with the National Oceanic and Atmospheric Administration (NOAA) and the Bureau of Safety and Environmental Integrity (BSEI), which are part of the U.S. Department of the Interior but have close ties with the FAA in maritime safety matters.

The FAA's role was to ensure the safety of aviation operations in the area, given the potential risks posed by the oil spill to aircraft and airspace. The decision to impose a flight restriction was based on the assessment of risks to aviation safety, including the possibility of oil droplets or other hazards affecting aircraft.

It's worth noting that while the F"
Which organization asked the FAA for a temporary flight restriction over Deepwater Horizon?,Q15_faa_tfr,"user
Which organization asked the FAA for a temporary flight restriction over Deepwater Horizon?
assistant
The National Oceanic and Atmospheric Administration (NOAA) asked the Federal Aviation Administration (FAA) for a temporary flight restriction over the area surrounding the Deepwater Horizon oil rig following the 2010 oil spill. This restriction was implemented to protect marine life and prevent oil from spreading further into the Gulf of Mexico. However, it's important to note that the primary agency responsible for overseeing aviation safety in the United States is the FAA, and it was the FAA that ultimately made the decision to impose the restriction, working closely with NOAA and other agencies to ensure the safety of both the environment and aviation operations."
Who requested the FAA to implement the Deepwater Horizon flight restriction zone?,Q15_faa_tfr,"user
Who requested the FAA to implement the Deepwater Horizon flight restriction zone?
assistant
The request to implement the Deepwater Horizon flight restriction zone was made by the National Oceanic and Atmospheric Administration (NOAA) and the Bureau of Safety and Oil Spill Protection (BSOSP), but ultimately authorized by the Federal Aviation Administration (FAA) under the authority granted by the National Response Framework and the Aviation Safety Improvement Act of 2006. However, the specific push for this zone was notably influenced by the oil spill industry and some environmental groups concerned about the risks to marine life and aviation safety in the aftermath of the Deepwater Horizon oil spill in 2010.

It's important to note that while the FAA was the official agency authorized to implement such a zone, the decision to establish it was part of a broader effort involving multiple stakeholders, including government agencies, environmental organizations, and industry representatives, to mitigate the risks associated with offshore drilling operations. The zone was designed to restrict airspace over areas where the risk of oil spills from aircraft operations was deemed too high"
Which authority requested the FAA flight restriction over Deepwater Horizon?,Q15_faa_tfr,"user
Which authority requested the FAA flight restriction over Deepwater Horizon?
assistant
The Federal Aviation Administration (FAA) itself did not directly request flight restrictions over the Deepwater Horizon oil rig. However, the decision to impose flight restrictions was made by the U.S. Coast Guard, specifically under the jurisdiction of the Office of the Coast Guard Administrator, in coordination with the FAA.

The primary authority involved in requesting and implementing these restrictions was the U.S. Coast Guard, particularly through its Office of Maritime Transportation (OMT) and the Office of the Administrator of the Coast Guard. The Coast Guard, acting under the authority of the Department of Homeland Security (DHS) and with oversight from the Federal Aviation Administration, assessed the risks posed by the oil rig's operations and decided on the flight restrictions to ensure safety.

The FAA was concerned about the potential for aviation accidents or incidents that could be exacerbated by the presence of a large oil rig in the vicinity, especially given the complex and hazardous environment around the rig. The FAA's role was"
Who initiated the request for the FAA TFR over Deepwater Horizon?,Q15_faa_tfr,"user
Who initiated the request for the FAA TFR over Deepwater Horizon?
assistant
The request for the FAA TFR (Traffic Flow Reporting) over Deepwater Horizon was initiated by the National Oceanic and Atmospheric Administration (NOAA) and the Bureau of Ocean Energy Management (BOEM), but the specific individual who formally requested it is not widely documented in public records. However, it's generally understood that the request was part of a broader effort to monitor and manage air traffic in the area following the oil spill. Given the complexity and sensitivity of the situation, it's likely that senior officials from NOAA, BOEM, and possibly the Federal Aviation Administration (FAA) themselves were involved in making and submitting such a request.

It's important to note that detailed internal communications and decision-making processes during such critical incidents are often not publicly disclosed for security and operational reasons. If you need more specific information, you might need to refer to internal reports or statements from the involved agencies, which are not typically made public."
What MOBA artwork did Scott Wilson find between two trash cans?,Q16_moba_discovery,"user
What MOBA artwork did Scott Wilson find between two trash cans?
assistant
Scott Wilson, the artist behind the popular MOBA (Multiplayer Online Battle Arena) artwork series for ""League of Legends,"" did not create artwork titled ""Between Two Trash Cans."" It's possible there might be a mix-up or a misunderstanding. However, Scott Wilson is known for his intricate and detailed artwork, and while he has created many unique pieces for ""League of Legends,"" there's no widely recognized artwork titled ""Between Two Trash Cans."" If you're referring to a specific piece, it might be helpful to double-check the details or provide more context. If it's a lesser-known or fan-made piece, it might not have a widely recognized title either."
What signature MOBA piece did Scott Wilson discover on the curb?,Q16_moba_discovery,"user
What signature MOBA piece did Scott Wilson discover on the curb?
assistant
Scott Wilson, the legendary MOBA player known for his exploits in games like ""League of Legends,"" discovered a signature MOBA piece on a curb in a public place. This piece was a ""Sentinel"" from the game ""League of Legends."" The Sentinel is a defensive piece that can be used to block enemy attacks and protect your team, making it a valuable asset in team fights. Wilson's discovery of this piece is often cited as a memorable moment in his MOBA career, showcasing his keen eye for unique and useful items in the game."
Which artwork did Scott Wilson discover outside between trash cans?,Q16_moba_discovery,"user
Which artwork did Scott Wilson discover outside between trash cans?
assistant
Scott Wilson discovered the famous ""Untitled (Skull)"" sculpture made of discarded car parts and other trash outside a dumpster in New York City in 2004. This artwork became a symbol of urban decay and creative repurposing, and it gained significant attention and acclaim."
What famous MOBA work was found by Scott Wilson on the curb?,Q16_moba_discovery,"user
What famous MOBA work was found by Scott Wilson on the curb?
assistant
The MOBA work found by Scott Wilson on the curb was ""League of Legends."" Wilson discovered the game's map art and some of its lore on a broken street sign in 2013. This discovery led to a significant online phenomenon and eventually to the release of ""League of Legends: Arena,"" a remastered version of the game that Wilson helped to popularize."
What MOBA piece did Scott Wilson recover from the curbside?,Q16_moba_discovery,"user
What MOBA piece did Scott Wilson recover from the curbside?
assistant
Scott Wilson, the professional Overwatch player, recovered from a ""curbside"" (likely a term used colloquially to describe a situation where he was isolated or unable to play due to injury or other issues) with a **Rainbow Pass**. However, the specific item he used to recover was a **Rainbow Shield**. This shield was part of his recovery process, allowing him to continue playing and eventually return to competitive play. It's worth noting that the term ""curbside"" in this context is somewhat informal and not a standard term used in Overwatch lore or community discussions."
Who scored all of Spain's conversions against Romania in February 2022?,Q17_rugby_conversions,"user
Who scored all of Spain's conversions against Romania in February 2022?
assistant
In February 2022, the goal-scoring performance of Spain's national team against Romania was notable, but unfortunately, there's no single player who can be credited with scoring all of Spain's conversions in that match. Conversions are typically awarded to players who successfully kick the ball into the penalty box from a set position, and they can be scored by any of Spain's players, not just those who took the free-kicks.

However, if we're looking for a standout performance, we can highlight a few key players who contributed significantly to Spain's efforts in that match:

1. **Andrés Iniesta** - Although he was not in the starting lineup, his experience and influence were felt. He provided crucial support and encouragement.
2. **Cristiano Ronaldo** - While not a direct scorer, his presence and leadership boosted the team's morale.
3. **Lionel Messi** - Although he didn't score, his presence"
Which player scored every conversion for Spain vs Romania in the 2022 Rugby Europe Championship?,Q17_rugby_conversions,"user
Which player scored every conversion for Spain vs Romania in the 2022 Rugby Europe Championship?
assistant
The player who scored every conversion for Spain against Romania in the 2022 Rugby Europe Championship was **Andrés García**. 

He converted all 6 of Spain's penalties. 
"
Who handled all of Spain's conversions in the 2022 match against Romania?,Q17_rugby_conversions,"user
Who handled all of Spain's conversions in the 2022 match against Romania?
assistant
I apologize, but there seems to be a misunderstanding in your question. Spain did not undergo a conversion in the 2022 match against Romania, as this refers to a religious conversion, which is not applicable in the context of a football match. The term ""conversions"" in sports typically refers to changes in possession, scoring, or other tactical shifts, not religious ones.

In football, conversions are specific actions taken during penalty shootouts, not during regular matches. Spain's national team manager, Luis Enrique, and his coaching staff would have been responsible for the tactical decisions, including how to manage the game's flow and possibly how to capitalize on opportunities, but not for religious conversions.

If you're referring to a different context or a specific aspect of the match that involves a change in strategy or team dynamics, please provide more details, and I'll do my best to help!"
"Which Spanish player scored all conversions against Romania on February 27, 2022?",Q17_rugby_conversions,"user
Which Spanish player scored all conversions against Romania on February 27, 2022?
assistant
On February 27, 2022, the Spanish player **Javi Martínez** scored all three conversions against Romania in a friendly match. 

This impressive performance solidified his place as a key player for Spain's national team. 

You can find more details about the match and the goal in various sports news sources:

* **LaLiga:** [https://www.lLiga.es/match/20220127/matches/20220127-001/goal-javi-martinez-romania-0](https://www.lLiga.es/match/20220127/matches/20220127-001/goal-javi-martinez-romania-0)
* **Goal.com:** [https://www.goal.com/en/scores/score/20220127/spain-0-1-romania](https://www.goal.com/en/scores/score/20220127/sp"
Who was responsible for all of Spain's conversions in that Romania match?,Q17_rugby_conversions,"user
Who was responsible for all of Spain's conversions in that Romania match?
assistant
In the context of a hypothetical or fictional scenario involving a Romania match where conversions are being discussed, it's important to clarify that the specific person responsible for all of Spain's conversions isn't explicitly stated in the question. However, in real football (soccer) matches, especially those involving penalty shootouts or free-kicks, the responsibility for conversions typically falls to the team that successfully scored the initial goal.

If we're imagining a scenario where Spain has converted all of Romania's penalties or free-kicks, it would be reasonable to attribute this to the Spanish team's goalkeeper or the team that successfully executed the conversion. However, without specific details about the match or the exact sequence of events, it's challenging to pinpoint an individual.

In most football matches, the team that scores the first goal usually gets the right to take the subsequent penalties or free-kicks. If Spain had managed to score all of Romania's penalties or free-kicks, it would likely have"
What is the surname of Marie Hanson's psychiatrist in Ally McBeal Season 1 Episode 20?,Q18_ally_mcbeal,"user
What is the surname of Marie Hanson's psychiatrist in Ally McBeal Season 1 Episode 20?
assistant
In Ally McBeal Season 1 Episode 20, titled ""The Doctor's Dilemma,"" Marie Hanson's psychiatrist is Dr. Michael K. Hanson, but the specific surname is Hanson, not K. The episode does not explicitly state the full surname, but given the context and the format of the show, it's reasonable to deduce that the surname is Hanson. However, to be precise, the full surname is Hanson."
What last name does Marie Hanson's psychiatrist have in Ally McBeal S1E20?,Q18_ally_mcbeal,"user
What last name does Marie Hanson's psychiatrist have in Ally McBeal S1E20?
assistant
In Ally McBeal Season 1 Episode 20, titled ""The Last Resort,"" Marie Hanson's psychiatrist is Dr. Michael K."
Which psychiatrist treats Marie Hanson in Ally McBeal Season 1 Episode 20?,Q18_ally_mcbeal,"user
Which psychiatrist treats Marie Hanson in Ally McBeal Season 1 Episode 20?
assistant
Dr. Michael K. Hanson, Marie Hanson's psychiatrist in Ally McBeal Season 1 Episode 20, is Dr. Michael K. Hanson Jr., portrayed by Dr. Michael K. Hanson Jr., a fictional psychiatrist created for the show. However, it's important to note that Dr. Hanson Jr. is not a real psychiatrist, but a character developed specifically for the television series. In real-life medical dramas, psychiatrists are typically portrayed by established medical professionals or actors with a background in psychiatry. If you're referring to a real psychiatrist, the show doesn't specify a particular one for Marie Hanson's treatment in that episode."
What is the psychiatrist's surname who treats Marie Hanson in Ally McBeal?,Q18_ally_mcbeal,"user
What is the psychiatrist's surname who treats Marie Hanson in Ally McBeal?
assistant
The psychiatrist's surname who treats Marie Hanson in Ally McBeal is **Dr. Michael**. 

(Note: While the show doesn't explicitly state the full name of every psychiatrist, Michael is the most commonly associated with Marie Hanson throughout the series.) 


It's important to remember that fictional characters often have complex relationships with their doctors, and their names can be used creatively for comedic effect. 
"
"In Ally McBeal S1E20, what is Marie Hanson's psychiatrist's last name?",Q18_ally_mcbeal,"user
In Ally McBeal S1E20, what is Marie Hanson's psychiatrist's last name?
assistant
In Ally McBeal Season 1 Episode 20, titled ""The Psychiatrist's Dilemma,"" Marie Hanson's psychiatrist's last name is **Bennett**."
What is Andrew Tate's kickboxing name?,Q19_andrew_tate,"user
What is Andrew Tate's kickboxing name?
assistant
Andrew Tate's professional kickboxing ring name is ""The Black Sheep."" However, it's important to note that while ""The Black Sheep"" is his ring name, he has also been known by other names in different promotions or under different monikers, but ""The Black Sheep"" is the one most widely recognized by fans and media."
Under what name did Andrew Tate fight in kickboxing?,Q19_andrew_tate,"user
Under what name did Andrew Tate fight in kickboxing?
assistant
Andrew Tate has not competed in kickboxing under a specific, widely recognized name in the professional kickboxing circuit. However, he has been involved in various martial arts and combat sports, and his fighting career has included different names and aliases over the years. It's possible that he has competed under different ring names or has had a significant presence in amateur or regional kickboxing events before transitioning to other combat sports or even non-martial arts disciplines.

If you're looking for specific information about his kickboxing career, it might be helpful to check official kickboxing records, news articles, or his social media profiles, as these sources often provide detailed histories of fighters. If you have a specific context or event in mind, feel free to share more details, and I can try to narrow down the information further!"
What was Andrew Tate's kickboxing alias?,Q19_andrew_tate,"user
What was Andrew Tate's kickboxing alias?
assistant
Andrew Tate's kickboxing ring name was ""The Black Snake."" However, it's worth noting that this was not his original name; he later changed it to ""Andrew Tate"" when he became more widely recognized for his other ventures. The ""Black Snake"" moniker was more closely associated with his early days in the sport and his persona in the underground kickboxing scene."
What ring name did Andrew Tate use in kickboxing?,Q19_andrew_tate,"user
What ring name did Andrew Tate use in kickboxing?
assistant
Andrew Tate did not use a ring name specifically in kickboxing, but he has been associated with various ring names and monikers throughout his career. One of the most notable ring names he used was ""The Black Snake,"" which he adopted early in his career. However, it's important to note that ring names can change over time and are often used for branding or personal preference rather than strictly adhering to a specific title or promotion.

Andrew Tate has also used other ring names and monikers in different promotions and events, but ""The Black Snake"" is the one that stands out as a consistent and recognizable name from his kickboxing career."
What nickname did Andrew Tate compete under in kickboxing?,Q19_andrew_tate,"user
What nickname did Andrew Tate compete under in kickboxing?
assistant
Andrew Tate has competed under the nickname ""The Butcher"" in kickboxing. This nickname reflects his aggressive fighting style and the intensity of his matches. However, it's worth noting that while ""The Butcher"" was a popular moniker during his early career, Tate has since evolved his brand and persona, moving away from this aggressive image to focus more on personal development and business ventures."
What position was John Gilbert Layton appointed to in Quebec from 1969 to 1970?,Q20_layton_position,"user
What position was John Gilbert Layton appointed to in Quebec from 1969 to 1970?
assistant
John Gilbert Layton was appointed as the first Chief of the Quebec Department of Indian Affairs and Northern Development from 1969 to 1970."
What role did John Gilbert Layton hold in Quebec between 1969 and 1970?,Q20_layton_position,"user
What role did John Gilbert Layton hold in Quebec between 1969 and 1970?
assistant
John Gilbert Layton served as the Superintendent of Indian Affairs for the Province of Quebec from 1969 to 1970. However, it's important to note that this position was not typically held by an individual with a strong historical or political background in Quebec's Indigenous affairs, as the role of Superintendent of Indian Affairs in Quebec was primarily held by Indigenous leaders or government officials appointed by the provincial government.

Layton was a Canadian academic and lawyer, but his involvement in Quebec's Indigenous affairs during that specific period was limited and not as prominent as his other roles. His primary contributions were more academic and legal, rather than administrative or policy-making in the context of Indigenous affairs.

Given the context, it's more accurate to say that Layton's role was likely more academic or advisory, rather than directly administrative or policy-driven, within the framework of Quebec's Indigenous affairs during those years. If he did have any direct involvement, it would need to be clarified from specific historical records"
Which position did John Gilbert Layton occupy in Quebec during 1969–1970?,Q20_layton_position,"user
Which position did John Gilbert Layton occupy in Quebec during 1969–1970?
assistant
John Gilbert Layton was a member of the Legislative Assembly of Quebec from the electoral district of Saint-Léger—Lévis from 1969 to 1970. However, it's important to note that the specific details about his role or activities during that exact period might not be as extensively documented as his tenure in general. Typically, in such provincial legislative roles, he would have been involved in various capacities such as a member of the assembly, a cabinet minister, or a ministerial advisor, depending on the government he was part of. Given the timeframe, he likely served as a member of the provincial legislature, but without more specific historical records, pinpointing his exact position or responsibilities with absolute certainty would be challenging. For precise details, consulting historical records specific to the Legislative Assembly of Quebec during that period would be advisable."
What appointment did John Gilbert Layton receive in Quebec from 1969 until 1970?,Q20_layton_position,"user
What appointment did John Gilbert Layton receive in Quebec from 1969 until 1970?
assistant
John Gilbert Layton received a medical appointment in Quebec from 1969 until 1970. However, the specific nature of the appointment is not detailed in widely available sources. Typically, such appointments would relate to his medical practice or involvement in public health initiatives in Quebec during that period. Given the timeframe, it's plausible he might have been involved in addressing health concerns specific to the region, such as infectious diseases prevalent in rural or indigenous communities, or possibly related to the ongoing health challenges faced by Quebec at the time, like tuberculosis or other communicable diseases.

For precise details, one would need to consult more specific historical medical records or archives related to John Gilbert Layton's career in Quebec during those years."
What office was John Gilbert Layton appointed to in Quebec during that period?,Q20_layton_position,"user
What office was John Gilbert Layton appointed to in Quebec during that period?
assistant
John Gilbert Layton was appointed to the office of Chief Justice of the Supreme Court of Quebec in 1868."
